order_id,customer_id,customer_state,customer_city,customer_lat,customer_lng,seller_state,seller_lat,seller_lng,distance_km,n_sellers,n_items,total_price,total_freight,total_weight_g,order_purchase_timestamp,order_estimated_delivery_date,order_delivered_customer_date,delivery_days,same_state,estimated_delivery_days
7dd14a0d3250425a092bcd0553dfff96,7b95b3bd6da3eba1efeaa958970e5dfc,RJ,rio de janeiro,-22.91860653830284,-43.256743384472216,SP,-23.97039046543373,-46.32234564570951,333.87923828670444,1,2,119.8,36.6,800.0,2018-03-26 11:49:51,2018-04-26,2018-04-12 19:38:40,17,0,30
c77ede410bfde247ebf9220aea6ca49a,83203e5e083ec21517f51040864527dc,SP,sao paulo,-23.418149799045963,-46.752401755756274,SP,-21.172213467107177,-47.82413717277396,272.9905701533348,1,1,55.0,12.83,343.0,2018-05-16 00:05:40,2018-06-04,2018-05-23 21:58:26,7,1,18
70537c8a3dfbbe79f0d078a43a815d97,61236884b077ada960417b31ffdf6e67,RS,esteio,-29.843647566496152,-51.16881563541696,RJ,-22.93534069637593,-43.186718398333056,1104.8516489658334,1,1,99.99,18.94,675.0,2017-11-18 08:50:48,2017-12-11,2017-12-12 19:25:43,24,0,22
a01a08ca0d8cf4c03ffd23029c091210,d9195d0325ce43bed923ee3edd6547e4,SP,sao paulo,-23.69253574854291,-46.66839044892957,SP,-22.917591895173675,-47.015055257922846,93.15865109554052,1,1,124.9,9.23,4338.0,not-a-date,2018-07-16,2018-06-05 19:41:25,8,1,48
8ff3300441375a48890e65ad8d06233b,37aed206805d3581cf77ea31a79beeff,SP,sao paulo,-23.48778455453289,-46.4280002596514,SP,-23.55643047625651,-46.56853012614689,16.23418362370419,1,1,85.0,36.69,-500.0,2017-12-19 19:43:44,2018-01-08,2017-12-28 14:59:10,8,1,19
46598fe507ad05a579c6109096a93e33,ecb068ed465cedf47f532f93ec9687ca,RJ,rio de janeiro,-22.93003541243005,-43.38943773232147,SP,-23.52828195706222,-46.77983133527613,352.7522292877168,1,1,179.49,17.23,550.0,2018-05-17 22:19:57,2018-06-18,2018-06-08 20:34:31,21,0,31
a7c5e8acbc8e06069ca0b62930aef0d2,45bd85bad646d70660e27ed0d411fe3a,RS,porto alegre,-29.984804232636645,-51.12997885922435,SP,-20.84422655814356,-49.364095869177056,1031.6891802480225,1,1,56.97,16.16,750.0,2017-09-30 22:28:46,2017-11-06,2017-10-13 18:06:37,12,0,36
d4b2647e5564c324255aa92e46dc3956,91b784717bc94a872bf5ab85e4c621e6,SP,sao jose dos campos,-23.14554407910149,-45.91097490791023,SP,-21.757690120914923,-48.82976816265947,337.3108166587842,1,1,109.82,13.79,1500.0,2017-08-22 13:09:32,2017-09-15,2017-08-30 18:49:59,8,1,23
bc69ce22573ef61da22888eb42b976d1,20c93ce4bf340f35b3d27d2219cc5937,SP,itarare,-24.112989428946435,-49.33153304217702,SP,-23.56428872384441,-46.51904534753631,292.48223453514527,1,2,91.8,34.52,14100.0,2018-03-12 11:27:20,2018-04-03,2018-03-28 18:40:58,16,1,21
84c69d27ead593a1dbdd1f6b4590f404,616064d1372d7f9f99c4603f0a51956a,SP,sao joao da boa vista,-21.96961773134337,-46.77683067317447,MG,-20.50506397453669,-43.85750364588822,343.5966540306843,1,1,185.81,17.06,350.0,2017-11-27 16:39:32,2017-12-20,2017-12-12 18:44:50,15,0,22
74ebfa44a323c96a7760bd693d690a3d,13fd7ce9f08449dec2533119379a2527,ES,serra,-20.19842101734217,-40.27226270546521,GO,-16.696953922257013,-49.31646534449651,1030.107332440068,1,1,359.5,33.96,3400.0,2017-06-16 00:22:49,2017-07-18,2017-06-26 13:49:52,10,0,31
c4d7f25ccb1c6a9d798bcce9b814ab02,660e0623f4de30009f70361ecc027b49,MG,ouro fino,-22.280517751677763,-46.37007419909239,SP,-21.179578055269594,-47.8091725567546,192.56634139351027,1,1,317.0,35.76,3050.0,2018-04-12 16:15:24,2018-05-07,2018-04-30 17:38:42,18,0,24
457750fb17f45c74af0c5ffa002c294b,de281e7aa3ddf4dfa36b4253ce263ed7,SP,santo andre,-23.709584934024686,-46.509238729110194,SP,-22.277216273975142,-48.5432584317704,262.1297755486772,1,1,119.8,18.73,4250.0,2017-11-25 10:43:28,2017-12-15,2017-12-09 00:33:48,13,1,19
a7c17d3f5f5c9612a2bc81be1aadcdeb,641ab097b6b9e0e84304f759f2b6f78e,SP,sao bernardo do campo,-23.68270112738766,-46.575831652086144,PR,-23.622154732271355,-52.46925317823966,600.2642837988161,1,1,49.9,13.37,517.0,2018-02-21 14:55:39,2018-03-28,2018-03-02 19:41:49,9,0,34
20be6d24b0a84a4e329e5973d524f20f,eb7276a4ee7dd4449adcde6da478121a,MA,mirinzal,-2.066820849416965,-44.78273999999999,SP,-23.65869024839867,-46.52249513292757,2408.200886055989,1,2,39.98,68.3,200.0,2017-08-01 23:35:06,2017-09-08,2017-08-15 16:07:08,13,0,37
24df3585323f6a191abb565d1706daf2,f37e018586ddc359d2f1ad32f64ff8aa,RJ,quissama,-22.108713619497166,-41.46946533607488,RJ,-22.832700924793645,-43.41103726234924,215.12846072164248,1,1,148.5,54.32,18050.0,2018-08-14 23:23:38,2018-08-30,2018-08-28 21:32:16,13,1,15
b8d94c2eac635cfb72f45c947793d1e0,2acd2f4e868c1f1c06d7c3b68e687489,SP,sao jose dos campos,-23.218175126565264,-45.90819425395292,GO,-16.665023999999946,-49.30545499999997,810.4788602345241,1,1,29.9,38.48,2850.0,2018-08-18 16:43:27,2018-08-30,2018-08-28 18:58:26,10,0,11
c1084cac215df4bae739b489d0b95a3e,89a5f956c0b86c7be397c83a58c67f20,SP,sao paulo,-23.53870848673374,-46.751072106753575,SP,-21.757690120914923,-48.82976816265947,291.0627162328754,1,2,219.8,26.7,2035.0,2017-03-14 12:30:59,2017-04-06,2017-03-24 12:53:45,10,1,22
3f041e89d354fb02648077875c4ad67b,ed3c3954602b7f3793c2674e29d96cbf,MG,belo horizonte,-19.970868116609125,-43.93993252477061,MG,-19.867906407416527,-43.94863882589885,11.484942159979264,1,1,31.9,8.11,200.0,2017-07-24 14:53:34,2017-08-04,2017-07-31 17:27:04,7,1,10
a233eaf2bd44e053226cc032f87a69ed,faa16af8d17f256f854d0b7ef0e49b0a,PR,apucarana,-23.553891310373,-51.46333120412408,SP,-23.69066643075192,-46.70391215514457,485.0939351133469,1,1,90.0,19.82,750.0,2018-08-14 13:05:06,2018-08-28,2018-08-21 15:02:15,7,0,13
083556b25c9ff2ecef87ad43b8d265cc,e8b7dff5642ed564e100b9a0bff241bc,SP,sao paulo,40.0,-46.70736418870526,SP,-23.63260424617697,-46.76020040743839,15.357501205815842,1,1,119.59,9.19,620.0,2018-05-31 02:31:42,2018-06-26,2018-06-13 00:28:43,12,1,25
48181682578362256145d6338e6488aa,5a4d2a02dd96fa6d646d5606e90d1bb8,SP,santos,-23.92722333314212,-46.38278809991919,SP,-24.026457185123206,-46.47784669233656,14.663956335695667,1,1,100.8,8.05,350.0,2018-04-25 13:34:31,2018-05-08,2018-04-30 18:20:39,5,1,12
43e4d5ff99bd1ca2d1cecbbf81067f4d,23fd1057f419241e5e9307e2ce4b0b28,SP,nova odessa,-22.781609144364303,-47.29447635337095,SP,-20.81962516141472,-49.3767712620607,306.2752154920176,1,5,519.85,120.05,48750.0,2017-03-20 19:49:13,2017-04-06,2017-03-28 14:28:02,7,1,16
17c70949f9ee364f767f1f54395597c9,1711a649a717aa2a1de1664bb40cc2ba,GO,goiatuba,-18.012522221113066,-49.365864121818106,SP,-23.20712579877664,-47.30927660866177,615.9609626942727,1,1,36.9,16.11,650.0,2017-07-17 14:27:24,2017-08-14,2017-07-26 16:59:54,9,0,27
f217ef35505a16b5b577f5ba98195332,10f9523277057450c5c9fba7adfde3ec,RN,macau,-5.112587778573852,-36.63321115967305,RS,-30.00839962559865,-51.20149509977495,3162.0140039412786,1,1,119.9,56.73,300.0,2017-08-31 12:48:53,2017-10-02,2017-09-21 18:04:03,21,0,31
b1399bbf348818a01b01e16f166f660a,bc653fc2b72cb987f615a7694cd84c6a,RJ,rio de janeiro,-22.94272652152452,-43.33383599333488,SC,-26.326983965448072,-48.88001811303306,675.0296032926105,1,1,29.9,15.79,150.0,2017-12-03 21:27:18,2017-12-29,2018-01-09 19:46:24,36,0,25
389fe6a1834e9ac1b0ca61a63346667b,70fcd63fd02ad8c1445c178f8461d774,SP,sao paulo,-23.612217093474644,-46.49852895810482,SP,-23.933241296527093,-46.32942742274111,39.6273972428065,1,1,24.9,8.27,358.0,2017-06-23 17:25:55,2017-07-06,2017-07-04 14:43:25,10,1,12
d3ca7b82c922817b06e5ca21165c5ea2,d23df2c6c3e51d875f458d123b2b3c90,SP,sao paulo,-23.57610824978365,-46.61545502622772,SP,-23.59032952255033,-46.63175129640077,2.2931643752212247,1,1,99.0,9.51,450.0,2017-11-16 13:54:08,2017-11-29,2017-11-17 13:49:40,0,1,12
12774673db08de6a72c23442fe16e9a4,9df81b7cd5e2cbe09ab02e1a82b8d6c2,MG,belo horizonte,-19.88665694532287,-43.92389634081604,MG,-19.8399409186066,-43.959657698309165,6.400828092883474,1,1,23.8,8.11,260.0,2018-03-02 11:38:59,2018-03-14,2018-03-06 21:27:47,4,1,11
13fbafaef2c5ecd471faa4a85d382ebc,61f36679d219b1c61d8ccf20ad0cb547,PR,ponta grossa,-25.096321216458648,-50.204235268177,SP,-21.165370022730333,-47.79714447071386,501.6019071360306,1,1,62.34,15.19,407.0,2017-08-05 22:30:35,2017-08-29,2017-08-16 20:12:46,10,0,23
200776f536a4425ab4212e0b0fe05562,6e12f38afc4e79112838fc9d478e88e4,SP,ribeirao pires,-23.711546493616865,-46.41263813258163,SP,-23.56072295337296,-46.63277989454088,28.002611783673935,1,abc,15.9,7.78,150.0,2018-02-28 21:47:21,2018-03-13,2018-03-07 17:45:23,6,1,12
faa68fcba0ef1321e0c356db33de5293,e814ceee6c93933d5faab1e4beed3834,SP,hortolandia,-22.894390490289645,-47.17321327031648,SP,-23.595227193173283,-46.56076636913555,99.9415155777832,1,1,250.0,30.12,12000.0,2017-11-24 11:20:08,2017-12-11,2017-12-13 21:44:58,19,1,16
d0a72f8bcc1f2045167eaa548647e77c,4f444b3b5cd86e70e2c49210020c5ba9,PE,carpina,-7.845792215608592,-35.263062625610445,RJ,-22.81631846264643,-43.41628252879276,1878.849786889952,1,1,159.0,63.13,2050.0,2018-07-03 10:03:33,2018-08-02,2018-07-13 16:28:52,10,0,29
108d1dab6908b5fcb9c922549a9c2265,e8fbd74f42c4e548ab08885971cceaff,PB,joao pessoa,-7.1249257634394265,-34.82531926343943,SP,-23.56783374937962,-46.698420577990646,2224.8053456927914,1,1,189.99,41.77,8050.0,2017-12-04 00:00:35,2018-01-04,2018-01-10 18:10:45,37,0,30
28ba5952fc9baba1dc6797734ca82680,b4486d6bad6090e04d0f13164eb03557,RS,porto alegre,-30.029218072162266,-51.20302983609852,SP,-23.537493461278807,-46.63974517262972,851.9633158764434,1,1,,15.23,150.0,2018-05-27 17:10:15,2018-07-11,2018-06-05 16:28:24,8,0,44
16288edc7382ecd4230909d0907fb939,84b1334ece1e0dba8a2ec7746f90bca7,RS,porto alegre,-30.00094299144014,-51.09498079754235,SP,-23.552032416180964,-46.53746144532288,847.6461598233269,1,1,139.99,17.23,1400.0,2018-03-01 11:05:55,2018-03-26,2018-03-14 01:14:40,12,0,24
6e4ee1e1cfdf990b9c37dd33df4b2bb5,0d231180261545b94c266d436ae206c0,SP,ribeirao preto,-21.180755933666106,-47.8072250574471,SC,-26.28722555453289,-48.850959075076446,577.6571090768857,1,1,239.0,24.47,1150.0,2018-08-03 16:56:34,2018-08-16,2018-08-14 16:13:35,10,0,12
4bdde1ba1f6aef6c851f5ba80be3433e,75d3a2981d8edde1ecc2ecac7f82e4bc,SP,santos,-23.98479796586644,-46.300849044480685,GO,-17.303533209194768,-49.02400798975774,795.0435681795822,1,1,145.9,38.16,4050.0,2018-02-16 14:21:36,2018-03-14,2018-03-08 02:05:32,19,0,25
a6ba8648e5a290ca5c5d01adb610e447,e6c2a9c517d876f257a4c9d749b0631f,SP,itaoca,-24.64043087708281,-48.83937534998118,SP,-23.941438868717192,-46.30279503554525,268.5705802734326,1,1,55.8,22.21,6775.0,2018-07-27 22:08:00,2018-08-10,2018-08-07 23:28:56,11,1,13
085364fbac51681978eace38694d4683,52785c19610440b44c7ebbbe7b009b6c,ES,vitoria,-20.260231292259995,-40.268254195560345,SP,-24.00920985345376,-46.41937090980433,758.2303169939163,1,1,191.0,19.22,225.0,2018-04-19 18:12:15,2018-05-16,2018-05-10 23:28:34,21,0,26
cc2bc03e269a96d61ae2718d55e19350,6762de40b1337dcc0b8f076f81b44290,SP,sao paulo,-23.555771764343227,-46.639553016612446,SP,-23.086496272847818,-47.216807769634734,78.72220368146796,1,1,47.65,7.39,1110.0,2018-03-10 13:03:32,2018-03-22,2018-03-19 19:28:48,9,1,11
e0578c04575c73456bf9891ae5db8c5a,8af238f91c4c0285f2b1179ebe3b8a45,PE,petrolina,-9.388579693317508,-40.48809048162074,SP,-20.806830481885147,-49.38960170992274,1587.9060401870695,1,1,49.9,28.75,1650.0,2018-02-15 17:57:12,2018-03-16,2018-03-02 21:28:48,15,0,28
c3e622f24839ec7bd509af46cc7cde22,18f8b1df349834d30e2e56ae266236ee,XX,francisco badaro,-16.993444099876115,-42.34898855512589,SP,-23.56127544240869,-46.461969257046256,846.8167534880197,1,1,279.9,16.71,300.0,2017-11-29 23:47:39,2018-01-02,2017-12-18 21:54:13,18,0,33
2c9f9957886293ce9bc43dee12fa1adb,86bff62b6eccfcbdeb17ed3cdf4a9ef0,RJ,rio de janeiro,-22.96437525339033,-43.21631140723638,PR,-25.54254967110052,-49.33800035581969,683.5117715319491,1,1,108.3,22.63,3750.0,2018-02-24 12:23:21,2018-03-20,2018-03-07 23:26:48,11,0,23
94b9fdffc1d9b49273c91598fc0dc5e6,6236a1fd73ab92114378e88fe16698ea,RR,boa vista,2.823847652963506,-60.733886691477615,MG,-19.867906407416527,-43.94863882589885,3118.549323987319,1,1,26.9,28.97,250.0,2017-02-03 21:36:05,2017-03-30,2017-02-15 18:18:11,11,0,54
ab07bba4aa52c95cfd9d7a418d9be63f,f6010393e9f880a4a9cff385df25e0e8,MG,ibirite,-20.018415861881373,-44.09299909915018,SP,-20.537686764158725,-47.432176672899125,353.0333669757781,1,1,220.7,24.35,1850.0,2018-08-07 21:54:37,2018-08-24,2018-08-13 20:48:46,5,0,16
c47ea271246fcfab187252dbabda3bb1,87ef858df37804b3770548b5252539d7,SP,indaiatuba,-23.11980850582838,-47.23840103788447,SP,-22.70928658782974,-47.66520568122805,63.202713334065024,1,1,199.9,14.1,2500.0,2018-06-04 13:53:35,2018-06-28,2018-06-06 22:41:57,2,1,23
7cebfb16674d9fddd60acfd3f9256cbe,e596ba17afe432cba1b517c2f4945aed,SP,ribeirao preto,-21.13251810755091,-47.84646625118296,,-21.757690120914923,-48.82976816265947,123.2441252937648,1,1,164.9,14.17,1215.0,2017-09-30 17:14:20,2017-10-24,2017-10-06 19:47:44,6,1,23
724851759f03251eb3a9e209916f07db,17d32607b69ff5f17724566ff49aa9fd,RJ,rio de janeiro,-22.889980452763453,-43.483325561125895,SP,-23.289054409429703,-45.96374003220031,257.5629014497702,1,1,113.3,18.04,1800.0,2017-07-21 12:05:51,2017-08-14,2017-08-04 17:42:37,14,0,23
01428962dce3b65e5433eaeb16c0f48f,62a31d294c310db1ce08d21a575c4144,RS,passo fundo,-28.258177123243765,-52.405941096684245,MG,-20.076917145110954,-44.57734014848548,1206.836110997546,1,2,309.82,93.34,2134.0,2017-07-13 14:39:29,2017-08-14,2017-07-31 18:25:47,18,0,31
